{"\u5730\u94c19\u53f7\u7ebf(\u90ed\u516c\u5e84--\u56fd\u5bb6\u56fe\u4e66\u9986)": 394314.1872825202, "\u5730\u94c19\u53f7\u7ebf(\u56fd\u5bb6\u56fe\u4e66\u9986--\u90ed\u516c\u5e84)": 285403.5851928857, "\u5730\u94c114\u53f7\u7ebf(\u5584\u5404\u5e84--\u5f20\u90ed\u5e84)": 741250.4077226829, "\u5730\u94c114\u53f7\u7ebf(\u5f20\u90ed\u5e84--\u5584\u5404\u5e84)": 722122.4232036257, "\u5730\u94c16\u53f7\u7ebf(\u91d1\u5b89\u6865--\u6f5e\u57ce)": 915042.1824948216, "\u5730\u94c12\u53f7\u7ebf\u5916\u73af(\u897f\u76f4\u95e8--\u897f\u76f4\u95e8)": 533644.6894117062, "\u5730\u94c1\u623f\u5c71\u7ebf(\u4e1c\u7ba1\u5934\u5357--\u960e\u6751\u4e1c)": 36672.282198826586, "\u5730\u94c1\u71d5\u623f\u7ebf(\u960e\u6751\u4e1c--\u71d5\u5c71)": 14256.66114298998, "\u5730\u94c110\u53f7\u7ebf\u5185\u73af(\u5df4\u6c9f--\u5df4\u6c9f)": 1848090.725572912, "\u5730\u94c16\u53f7\u7ebf(\u6f5e\u57ce--\u91d1\u5b89\u6865)": 889903.1898702267, "\u5730\u94c1\u71d5\u623f\u7ebf(\u71d5\u5c71--\u960e\u6751\u4e1c)": 14094.333760058144, "\u5730\u94c1\u623f\u5c71\u7ebf(\u960e\u6751\u4e1c--\u4e1c\u7ba1\u5934\u5357)": 27874.158838578573, "\u5730\u94c11\u53f7\u7ebf\u516b\u901a\u7ebf(\u73af\u7403\u5ea6\u5047\u533a--\u53e4\u57ce)": 752042.5643175382, "\u5730\u94c17\u53f7\u7ebf(\u5317\u4eac\u897f\u7ad9--\u73af\u7403\u5ea6\u5047\u533a)": 542801.4963271841, "\u5730\u94c14\u53f7\u7ebf\u5927\u5174\u7ebf(\u5b89\u6cb3\u6865\u5317--\u5929\u5bab\u9662)": 938544.0181301081, "\u5730\u94c113\u53f7\u7ebf(\u4e1c\u76f4\u95e8--\u897f\u76f4\u95e8)": 541716.8852944041, "\u5730\u94c14\u53f7\u7ebf\u5927\u5174\u7ebf(\u5929\u5bab\u9662--\u5b89\u6cb3\u6865\u5317)": 1018057.6789538045, "\u5730\u94c110\u53f7\u7ebf\u5916\u73af(\u8f66\u9053\u6c9f--\u8f66\u9053\u6c9f)": 1651752.1995975268, "\u5730\u94c18\u53f7\u7ebf(\u701b\u6d77--\u6731\u8f9b\u5e84)": 554389.6816255787, "\u5730\u94c17\u53f7\u7ebf(\u73af\u7403\u5ea6\u5047\u533a--\u5317\u4eac\u897f\u7ad9)": 617184.0783856972, "\u5730\u94c18\u53f7\u7ebf(\u6731\u8f9b\u5e84--\u701b\u6d77)": 612620.2234470657, "\u5730\u94c1\u660c\u5e73\u7ebf(\u660c\u5e73\u897f\u5c71\u53e3--\u897f\u571f\u57ce)": 89300.25875298982, "\u5730\u94c1\u660c\u5e73\u7ebf(\u84df\u95e8\u6865--\u660c\u5e73\u897f\u5c71\u53e3)": 101538.71271861365, "\u5730\u94c113\u53f7\u7ebf(\u897f\u76f4\u95e8--\u4e1c\u76f4\u95e8)": 459269.51002305455, "\u5730\u94c11\u53f7\u7ebf\u516b\u901a\u7ebf(\u53e4\u57ce--\u73af\u7403\u5ea6\u5047\u533a)": 955807.925368274, "\u5730\u94c12\u53f7\u7ebf\u5185\u73af(\u79ef\u6c34\u6f6d--\u79ef\u6c34\u6f6d)": 557080.1389698853, "\u5730\u94c15\u53f7\u7ebf(\u5b8b\u5bb6\u5e84--\u5929\u901a\u82d1\u5317)": 851068.9078246685, "\u5730\u94c15\u53f7\u7ebf(\u5929\u901a\u82d1\u5317--\u5b8b\u5bb6\u5e84)": 855831.057187919, "\u5730\u94c116\u53f7\u7ebf(\u5b9b\u5e73\u57ce--\u5317\u5b89\u6cb3)": 35540.661429294305, "\u5730\u94c115\u53f7\u7ebf(\u4ff8\u4f2f--\u6e05\u534e\u4e1c\u8def\u897f\u53e3)": 326793.12799020443, "\u5730\u94c115\u53f7\u7ebf(\u6e05\u534e\u4e1c\u8def\u897f\u53e3--\u4ff8\u4f2f)": 348987.195668422, "\u5730\u94c1\u4ea6\u5e84\u7ebf(\u5b8b\u5bb6\u5e84--\u4ea6\u5e84\u706b\u8f66\u7ad9)": 192076.0164611848, "\u897f\u90ca\u7ebf(\u5df4\u6c9f--\u9999\u5c71)": 29382.6728237144, "\u897f\u90ca\u7ebf(\u9999\u5c71--\u5df4\u6c9f)": 19340.780767648517, "\u5730\u94c116\u53f7\u7ebf(\u5317\u5b89\u6cb3--\u5b9b\u5e73\u57ce)": 36009.27703621862, "\u5730\u94c1\u4ea6\u5e84\u7ebf(\u4ea6\u5e84\u706b\u8f66\u7ad9--\u5b8b\u5bb6\u5e84)": 110131.62649288174, "\u9996\u90fd\u673a\u573a\u7ebf(\u5317\u65b0\u6865--2\u53f7\u822a\u7ad9\u697c)": 308.75770333571427, "\u9996\u90fd\u673a\u573a\u7ebf(3\u53f7\u822a\u7ad9\u697c--\u5317\u65b0\u6865)": 250.81272191829026}